{"cameraMode":{"drawMode":0,"name":"Shaded","section":"Shading Mode"},"sceneLighting":true,"audioPlay":false,"sceneViewState":{"m_AlwaysRefresh":false,"showFog":true,"showSkybox":true,"showFlares":true,"showImageEffects":true,"showParticleSystems":true,"showVisualEffectGraphs":true,"m_FxEnabled":true},"in2DMode":false,"pivot":{"x":1974.3880615234375,"y":382.2330627441406,"z":0.5372462868690491},"rotation":{"x":-0.0014999725390225649,"y":-0.005999957676976919,"z":-0.000008999943929666188,"w":0.9999808669090271},"size":643.668212890625,"orthographic":false}