{"cameraMode":{"drawMode":0,"name":"Shaded","section":"Shading Mode"},"sceneLighting":false,"audioPlay":false,"sceneViewState":{"m_AlwaysRefresh":false,"showFog":true,"showSkybox":false,"showFlares":true,"showImageEffects":true,"showParticleSystems":true,"showVisualEffectGraphs":true,"m_FxEnabled":true},"in2DMode":false,"pivot":{"x":-52.26148223876953,"y":-4.080484390258789,"z":-49.15449523925781},"rotation":{"x":-0.0014999725390225649,"y":-0.005999957676976919,"z":-0.000008999943929666188,"w":0.9999808669090271},"size":9.629162788391114,"orthographic":false}