{"cameraMode":{"drawMode":0,"name":"Shaded","section":"Shading Mode"},"sceneLighting":false,"audioPlay":false,"sceneViewState":{"m_AlwaysRefresh":false,"showFog":true,"showSkybox":false,"showFlares":true,"showImageEffects":true,"showParticleSystems":true,"showVisualEffectGraphs":true,"m_FxEnabled":true},"in2DMode":false,"pivot":{"x":-51.51074981689453,"y":-1.3439658880233765,"z":-51.492313385009769},"rotation":{"x":-0.1244843453168869,"y":-0.006849801167845726,"z":0.0008483156561851502,"w":-0.9922142028808594},"size":7.319630146026611,"orthographic":false}