{"cameraMode":{"drawMode":0,"name":"Shaded","section":"Shading Mode"},"sceneLighting":false,"audioPlay":false,"sceneViewState":{"m_AlwaysRefresh":false,"showFog":true,"showSkybox":false,"showFlares":true,"showImageEffects":true,"showParticleSystems":true,"showVisualEffectGraphs":true,"m_FxEnabled":true},"in2DMode":false,"pivot":{"x":30.589153289794923,"y":1.496238350868225,"z":-0.23160430788993836},"rotation":{"x":-0.09317116439342499,"y":-0.008366589434444905,"z":0.0007802587933838368,"w":-0.9956215023994446},"size":27.52165985107422,"orthographic":false}